,id,owner,secret,server,farm,title,ispublic,isfriend,isfamily
22187242728_48922763@N04_5ece3c7ff6,22187242728,48922763@N04,5ece3c7ff6,5701,6,"Thunderbird Lodge, Minnesota",1,0,0
21512876698_32218942@N05_581983c838,21512876698,32218942@N05,581983c838,5632,6,"Quill Lake, Voyageurs National Park",1,0,0
16431217038_54458860@N00_6b0332b2e3,16431217038,54458860@N00,6b0332b2e3,8629,9,Top of NOvA Far Detector,1,0,0
16592437056_54458860@N00_1b6a6a2e10,16592437056,54458860@N00,1b6a6a2e10,8656,9,IMG_3008,1,0,0
16432606079_54458860@N00_40228e616a,16432606079,54458860@N00,40228e616a,8674,9,IMG_3004,1,0,0
16411109147_54458860@N00_ce7ff45315,16411109147,54458860@N00,ce7ff45315,8605,9,IMG_2990,1,0,0
16592433696_54458860@N00_fdb2d9ac82,16592433696,54458860@N00,fdb2d9ac82,8665,9,IMG_2986,1,0,0
16617268181_54458860@N00_b4f2f325e9,16617268181,54458860@N00,b4f2f325e9,8642,9,IMG_2987,1,0,0
16411107747_54458860@N00_db496fd160,16411107747,54458860@N00,db496fd160,8634,9,IMG_2981,1,0,0
16431381910_54458860@N00_2e3526d3a9,16431381910,54458860@N00,2e3526d3a9,8617,9,IMG_2975,1,0,0
16592427456_54458860@N00_c93d6c2054,16592427456,54458860@N00,c93d6c2054,8638,9,IMG_2963,1,0,0
16617261351_54458860@N00_7ea8183e0a,16617261351,54458860@N00,7ea8183e0a,8647,9,IMG_2962,1,0,0
8755792910_11678058@N03_f86838360c,8755792910,11678058@N03,f86838360c,5466,6,Kabetogema,1,0,0
8754670417_11678058@N03_f141e0f02e,8754670417,11678058@N03,f141e0f02e,8402,9,Kabetogema,1,0,0
8754670161_11678058@N03_9e6ce6930f,8754670161,11678058@N03,9e6ce6930f,3811,4,Kabetogema,1,0,0
8660654388_77735974@N07_22cef9ee07,8660654388,77735974@N07,22cef9ee07,8119,9,Celestial Magic,1,0,0
8654366019_77735974@N07_02155f84fd,8654366019,77735974@N07,02155f84fd,8102,9,Awesome campsite,1,0,0
8642618585_8432336@N08_061d45ea92,8642618585,8432336@N08,061d45ea92,8239,9,Sun,1,0,0
8642666366_8432336@N08_7db971d3d0,8642666366,8432336@N08,7db971d3d0,8533,9,Across the Bay,1,0,0
5518305763_60534645@N06_9135e2fd59,5518305763,60534645@N06,9135e2fd59,5097,6,"Dusk, Namakan Lake, Voyageurs National Park",1,0,0
24112026336_41464453@N02_61d92a1328,24112026336,41464453@N02,61d92a1328,1683,2,155/366 Sunrise on Lake Kabetogama,1,0,0
23504879620_37565976@N06_1421ec4a7c,23504879620,37565976@N06,1421ec4a7c,5795,6,,1,0,0
23774479496_37565976@N06_47104c9faf,23774479496,37565976@N06,47104c9faf,5786,6,,1,0,0
22190367954_41464453@N02_783c5e3d8d,22190367954,41464453@N02,783c5e3d8d,5698,6,97/366 In the Evening,1,0,0
21771607655_32218942@N05_17694486a3,21771607655,32218942@N05,17694486a3,628,1,Voyageur National Park - Tree Color,1,0,0
21771599725_32218942@N05_8a2ca0df9a,21771599725,32218942@N05,8a2ca0df9a,5664,6,Voyageur National Park - Tree Reflection,1,0,0
21541231400_32218942@N05_550d481d03,21541231400,32218942@N05,550d481d03,780,1,Sandy Point Lodge,1,0,0
20795594160_26260394@N04_4646b21056,20795594160,26260394@N04,4646b21056,656,1,Pre-storm campsite,1,0,0
20292176164_93575563@N08_f4fe429bd3,20292176164,93575563@N08,f4fe429bd3,5636,6,Sunflower,1,0,0
19563739786_84811480@N00_0f5c570252,19563739786,84811480@N00,0f5c570252,377,1,Chipmunk!,1,0,0
19353537532_66053959@N06_10a159420d,19353537532,66053959@N06,10a159420d,3826,4,At Ellsworth Rock Gardens,1,0,0
19353534792_66053959@N06_cafdb0bd84,19353534792,66053959@N06,cafdb0bd84,351,1,Canoeing Kabetogama Lake 2,1,0,0
18737095544_66053959@N06_8bb06b3464,18737095544,66053959@N06,8bb06b3464,481,1,Duck Formation at Ellsworth Rock Gardens,1,0,0
19333535786_66053959@N06_ab98240bee,19333535786,66053959@N06,ab98240bee,3794,4,Entering Ellsworth Rock Gardens,1,0,0
19171986350_66053959@N06_cd38daab50,19171986350,66053959@N06,cd38daab50,355,1,Flower at Ellsworth Rock Garden,1,0,0
19359617255_66053959@N06_d2dab8f665,19359617255,66053959@N06,d2dab8f665,533,1,Tower at Ellsworth Rock Gardens,1,0,0
19173441959_66053959@N06_9ea9deeda9,19173441959,66053959@N06,9ea9deeda9,262,1,Canoe Trip on Kabetogama Lake,1,0,0
16369315865_79396060@N08_d67a04c0f0,16369315865,79396060@N08,d67a04c0f0,7305,8,"I never dream about winter, so i must be dreaming.",1,0,0
15200842214_55854637@N03_36ae99721a,15200842214,55854637@N03,36ae99721a,5612,6,Common Loon at Sunset,1,0,0
14739464455_95202708@N08_015254a33d,14739464455,95202708@N08,015254a33d,2928,3,Out There,1,0,0
14453617798_22201865@N00_37f221e74d,14453617798,22201865@N00,37f221e74d,3879,4,07-04-14-04-25-36.jpg,1,0,0
14402820418_84811480@N00_8e7b88ba21,14402820418,84811480@N00,8e7b88ba21,5571,6,Sha Sha lunch with the family and my little niece Grace! #summervacation #winning,1,0,0
10060200815_11585284@N02_06b43fd598,10060200815,11585284@N02,06b43fd598,2806,3,Moon Over Crane,1,0,0
9956718124_11585284@N02_11b850b34f,9956718124,11585284@N02,11b850b34f,3818,4,Sunset on Northwest Bay,1,0,0
9956730466_11585284@N02_d0e58873e8,9956730466,11585284@N02,d0e58873e8,3754,4,Crane Lake Sunset,1,0,0
9956682305_11585284@N02_0a95cb7da0,9956682305,11585284@N02,0a95cb7da0,5458,6,Cabin at Crane,1,0,0
9956692114_11585284@N02_6f0de19905,9956692114,11585284@N02,6f0de19905,7352,8,Snapping Turtle,1,0,0
9956667723_11585284@N02_a913a81346,9956667723,11585284@N02,a913a81346,3711,4,Snapping Turtle,1,0,0
9956554404_11585284@N02_a09c8508f7,9956554404,11585284@N02,a09c8508f7,2879,3,Snapping Turtle,1,0,0
9609461492_11585284@N02_a2c314f294,9609461492,11585284@N02,a2c314f294,2886,3,Sand Point Lake,1,0,0
9503671553_97735768@N02_445c6aa56a,9503671553,97735768@N02,445c6aa56a,7376,8,,1,0,0
9506468774_97735768@N02_de18e60323,9506468774,97735768@N02,de18e60323,3830,4,,1,0,0
9503670751_97735768@N02_a6505547b7,9503670751,97735768@N02,a6505547b7,3796,4,,1,0,0
9503664931_97735768@N02_93e443d8f7,9503664931,97735768@N02,93e443d8f7,5464,6,,1,0,0
9503664579_97735768@N02_41845e91f5,9503664579,97735768@N02,41845e91f5,7332,8,,1,0,0
9506461646_97735768@N02_048e2dc975,9506461646,97735768@N02,048e2dc975,3676,4,,1,0,0
9506461126_97735768@N02_fc4a144b36,9506461126,97735768@N02,fc4a144b36,7315,8,,1,0,0
9503663287_97735768@N02_11e090b033,9503663287,97735768@N02,11e090b033,7460,8,,1,0,0
9480482751_29925719@N05_5e881fbff1,9480482751,29925719@N05,5e881fbff1,5462,6,IMG_0002,1,0,0
17041423047_8432336@N08_7f3e9a35f0,17041423047,8432336@N08,7f3e9a35f0,8763,9,Yearning,1,0,0
9274443245_13709281@N00_2246401c30,9274443245,13709281@N00,2246401c30,2822,3,130701 Sunset at Woodenfrog Point,1,0,0
9274441811_13709281@N00_6f86d8ca94,9274441811,13709281@N00,6f86d8ca94,7359,8,130701 Sunset at Woodenfrog Point,1,0,0
9274440979_13709281@N00_5ec229ff78,9274440979,13709281@N00,5ec229ff78,5522,6,130701 Sunset at Woodenfrog Point,1,0,0
9277227074_13709281@N00_9600cf7e57,9277227074,13709281@N00,9600cf7e57,7311,8,130701 On the way back to Arrowhead,1,0,0
9277226286_13709281@N00_840dff89c7,9277226286,13709281@N00,840dff89c7,2811,3,130701 On the way back to Arrowhead,1,0,0
9277161788_13709281@N00_5f5d741767,9277161788,13709281@N00,5f5d741767,2816,3,130701 Ellsworth Rock Gardens,1,0,0
9274373941_13709281@N00_fde7811a32,9274373941,13709281@N00,fde7811a32,7385,8,130701 Ellsworth Rock Gardens,1,0,0
9274373235_13709281@N00_33926bef20,9274373235,13709281@N00,33926bef20,7311,8,130701 Ellsworth Rock Gardens,1,0,0
9277105940_13709281@N00_b364c6b2f3,9277105940,13709281@N00,b364c6b2f3,5550,6,130701 Kettle Falls to Ellsworth Rock Gardens,1,0,0
9277105482_13709281@N00_277a016a19,9277105482,13709281@N00,277a016a19,7316,8,130701 Kettle Falls,1,0,0
9277104794_13709281@N00_76d5d29cd8,9277104794,13709281@N00,76d5d29cd8,7319,8,130701 Kettle Falls,1,0,0
9274316643_13709281@N00_1efb4791a0,9274316643,13709281@N00,1efb4791a0,7319,8,130701 Kettle Falls Dam,1,0,0
9274285149_13709281@N00_0e0390f080,9274285149,13709281@N00,0e0390f080,2881,3,130701 Kettle Falls Hotel,1,0,0
9274284447_13709281@N00_be993014cb,9274284447,13709281@N00,be993014cb,2809,3,130701 Kettle Falls Hotel,1,0,0
9277066984_13709281@N00_9f5235143d,9277066984,13709281@N00,9f5235143d,3774,4,130701 At Woodenfrog Point,1,0,0
9273838399_13709281@N00_7dca038c2a,9273838399,13709281@N00,7dca038c2a,3701,4,130630 Canoeing on Kabetogama Lake,1,0,0
9273837583_13709281@N00_5193231313,9273837583,13709281@N00,5193231313,2860,3,130630 Blind Ash Bay Trail,1,0,0
9273837143_13709281@N00_0c6fed5f5a,9273837143,13709281@N00,0c6fed5f5a,2860,3,130630 Blind Ash Bay Trail,1,0,0
9276621922_13709281@N00_649d546b47,9276621922,13709281@N00,649d546b47,3796,4,130630 Watching Sunrise from Arrowhead Resort,1,0,0
9276593854_13709281@N00_9987c9f706,9276593854,13709281@N00,9987c9f706,5546,6,130629 Little American Island,1,0,0
9273806923_13709281@N00_d69466148b,9273806923,13709281@N00,d69466148b,3751,4,130629 Little American Island,1,0,0
9273675687_13709281@N00_c94b64e3b6,9273675687,13709281@N00,c94b64e3b6,7374,8,130629 Kabetogama Lake Visitor Ctr,1,0,0
8998604973_58910237@N08_c327832386,8998604973,58910237@N08,c327832386,7452,8,Ash River Geologic,1,0,0
8657437597_77735974@N07_e66eb63e8d,8657437597,77735974@N07,e66eb63e8d,8122,9,Under the stars,1,0,0
8654362415_77735974@N07_affa113ff0,8654362415,77735974@N07,affa113ff0,8249,9,Awesome campsite,1,0,0
8649055365_77735974@N07_ed1d842c3b,8649055365,77735974@N07,ed1d842c3b,8405,9,April colors,1,0,0
8642525076_8432336@N08_066da0926b,8642525076,8432336@N08,066da0926b,8109,9,Cold,1,0,0
8488389283_65700460@N02_7f0c01bf31,8488389283,65700460@N02,7f0c01bf31,8086,9,DSC_4890,1,0,0
8489481696_65700460@N02_5139038eba,8489481696,65700460@N02,5139038eba,8110,9,DSC_4754,1,0,0
8489479274_65700460@N02_c568c35609,8489479274,65700460@N02,c568c35609,8239,9,DSC_4752,1,0,0
8437376913_22775074@N05_4b82e9d9b7,8437376913,22775074@N05,4b82e9d9b7,8221,9,2013-01-28 10.38.27,1,0,0
8438460876_22775074@N05_fd550fac33,8438460876,22775074@N05,fd550fac33,8082,9,2013-01-28 11.15.20,1,0,0
8438460748_22775074@N05_14fc4aefbc,8438460748,22775074@N05,14fc4aefbc,8500,9,2013-01-28 11.15.22,1,0,0
8438460578_22775074@N05_2b83d7d439,8438460578,22775074@N05,2b83d7d439,8212,9,2013-01-28 11.16.32,1,0,0
7855146574_11585284@N02_6b08a4fff1,7855146574,11585284@N02,6b08a4fff1,8442,9,Good Evening From Crane Lake!,1,0,0
7843977272_11585284@N02_292aeed36a,7843977272,11585284@N02,292aeed36a,7261,8,Good Morning from Crane Lake!,1,0,0
7761101498_11585284@N02_273d360db2,7761101498,11585284@N02,273d360db2,8443,9,The Gang's All Here,1,0,0
7742781234_82393004@N02_5f95bb1dfa,7742781234,82393004@N02,5f95bb1dfa,8432,9,The Voyageur,1,0,0
7728069880_30695246@N04_2f90404864,7728069880,30695246@N04,2f90404864,7274,8,Wrangling a Fish,1,0,0
7728056210_30695246@N04_8d6e1a78ea,7728056210,30695246@N04,8d6e1a78ea,8287,9,So It Snowed a Little,1,0,0
7715018036_11585284@N02_9374849cda,7715018036,11585284@N02,9374849cda,8431,9,Catching Walleyes off the Dock,1,0,0
7715015284_11585284@N02_0374e4b6b7,7715015284,11585284@N02,0374e4b6b7,8290,9,Relaxing at the Cabin,1,0,0
7714701996_11585284@N02_b494e2fd47,7714701996,11585284@N02,b494e2fd47,8422,9,Enjoying the Fire at the Cabin,1,0,0
7714698148_11585284@N02_4ce6de4f37,7714698148,11585284@N02,4ce6de4f37,8283,9,Campfire,1,0,0
7714515502_11585284@N02_ea7740b5bd,7714515502,11585284@N02,ea7740b5bd,8290,9,Namakan Narrows,1,0,0
7714465850_11585284@N02_804c2174e8,7714465850,11585284@N02,804c2174e8,7258,8,View From Ingersoll Island,1,0,0
7714429410_11585284@N02_176b079c7b,7714429410,11585284@N02,176b079c7b,8434,9,Ingersoll Island - The Main Cabin,1,0,0
7714160170_11585284@N02_68a5f7499c,7714160170,11585284@N02,68a5f7499c,8433,9,Ingersoll Island - The Main Cabin,1,0,0
7714157022_11585284@N02_d95a28cbf6,7714157022,11585284@N02,d95a28cbf6,7115,8,Ingersoll Island - Caretakers Cabin,1,0,0
7714154870_11585284@N02_f5c6ac8182,7714154870,11585284@N02,f5c6ac8182,7122,8,Ingersoll Island - Caretakers Cabin,1,0,0
7714151308_11585284@N02_caac27ffef,7714151308,11585284@N02,caac27ffef,8427,9,Ingersoll Island - The Boathouse,1,0,0
7714100368_11585284@N02_458b818b98,7714100368,11585284@N02,458b818b98,8428,9,Uncle John,1,0,0
7714098908_11585284@N02_c2edc9d200,7714098908,11585284@N02,c2edc9d200,7127,8,Water Lilly,1,0,0
7583397548_79166041@N04_a8ba10ac56,7583397548,79166041@N04,a8ba10ac56,8005,9,Angle to Key West,1,0,0
7583396530_79166041@N04_e9fc8c2d3e,7583396530,79166041@N04,e9fc8c2d3e,8292,9,Angle to Key West,1,0,0
7583396136_79166041@N04_fed5cde7e8,7583396136,79166041@N04,fed5cde7e8,8286,9,Angle to Key West,1,0,0
7583395350_79166041@N04_a822422a52,7583395350,79166041@N04,a822422a52,8430,9,Angle to Key West,1,0,0
7583395190_79166041@N04_cd9685255b,7583395190,79166041@N04,cd9685255b,8146,9,Angle to Key West,1,0,0
7583394996_79166041@N04_3ca8c00f5e,7583394996,79166041@N04,3ca8c00f5e,7266,8,Angle to Key West,1,0,0
7583394778_79166041@N04_0e3a0d4774,7583394778,79166041@N04,0e3a0d4774,7115,8,Angle to Key West,1,0,0
7583394356_79166041@N04_69bf1d0a64,7583394356,79166041@N04,69bf1d0a64,7265,8,Angle to Key West,1,0,0
7583393784_79166041@N04_cdb1d0ce80,7583393784,79166041@N04,cdb1d0ce80,8287,9,Angle to Key West,1,0,0
7583393130_79166041@N04_e31ac6906e,7583393130,79166041@N04,e31ac6906e,8163,9,Angle to Key West,1,0,0
7583392974_79166041@N04_d38c2c8d76,7583392974,79166041@N04,d38c2c8d76,8002,9,Angle to Key West,1,0,0
7583392812_79166041@N04_78a76cf2e9,7583392812,79166041@N04,78a76cf2e9,7125,8,Angle to Key West,1,0,0
7583392618_79166041@N04_43a1e6dd0f,7583392618,79166041@N04,43a1e6dd0f,8021,9,Angle to Key West,1,0,0
7583388384_79166041@N04_bf7457b4be,7583388384,79166041@N04,bf7457b4be,8164,9,Angle to Key West,1,0,0
7583387948_79166041@N04_da35802130,7583387948,79166041@N04,da35802130,8011,9,Angle to Key West,1,0,0
7475663210_10100147@N06_661faca463,7475663210,10100147@N06,661faca463,7113,8,Voyageur of Voyageur NP,1,0,0
7436678464_11585284@N02_e49030fd7d,7436678464,11585284@N02,e49030fd7d,5452,6,Bentley,1,0,0
7429668940_41285403@N03_5023494130,7429668940,41285403@N03,5023494130,8012,9,Up north,1,0,0
7417356004_10100147@N06_380cec5231,7417356004,10100147@N06,380cec5231,5459,6,Voyageurs NP,1,0,0
7417317930_10100147@N06_b0a41caa0f,7417317930,10100147@N06,b0a41caa0f,7274,8,Beaver Pond,1,0,0
7182561753_11585284@N02_4857d909c5,7182561753,11585284@N02,4857d909c5,7224,8,Crane Lake,1,0,0
7201996210_49870000@N07_971d3fb377,7201996210,49870000@N07,971d3fb377,8141,9,35,1,0,0
6912976458_89248183@N00_738aa074c8,6912976458,89248183@N00,738aa074c8,7189,8,Out the window,1,0,0
6912975716_89248183@N00_829edbe061,6912975716,89248183@N00,829edbe061,5466,6,Richard's ribs,1,0,0
6910473126_89248183@N00_c0195465dd,6910473126,89248183@N00,c0195465dd,7181,8,Easter morning,1,0,0
6978115795_11585284@N02_a65bcdab58,6978115795,11585284@N02,a65bcdab58,7194,8,Rainy Lake Ice Road,1,0,0
6965439491_75924151@N04_51e1357609,6965439491,75924151@N04,51e1357609,7185,8,Colors of Dusk,1,0,0
6938979557_8432336@N08_9431cbd37f,6938979557,8432336@N08,9431cbd37f,7045,8,Boreal,1,0,0
6792828544_8432336@N08_fbd39d6f5d,6792828544,8432336@N08,fbd39d6f5d,7210,8,Snowy Rainy Lake,1,0,0
6819740763_68597881@N03_00c689bee5,6819740763,68597881@N03,00c689bee5,7025,8,Voyagers National Park,1,0,0
6364134903_8432336@N08_985d2b0b54,6364134903,8432336@N08,985d2b0b54,6228,7,Rainy Lake,1,0,0
6361526611_8432336@N08_d7ae4b2954,6361526611,8432336@N08,d7ae4b2954,6040,7,Snow Over Reeds,1,0,0
6354002017_69901071@N05_22d9e9a9e2,6354002017,69901071@N05,22d9e9a9e2,6215,7,bear on road,1,0,0
6354000263_69901071@N05_27da392a1f,6354000263,69901071@N05,27da392a1f,6052,7,Boys on swim raft,1,0,0
6353999855_69901071@N05_0f846e6974,6353999855,69901071@N05,0f846e6974,6103,7,Feeding Deer,1,0,0
6353998979_69901071@N05_5513c88f4a,6353998979,69901071@N05,5513c88f4a,6059,7,Beach,1,0,0
6353997203_69901071@N05_688f812530,6353997203,69901071@N05,688f812530,6043,7,Pelicans,1,0,0
6346002759_64339405@N02_d2eab89b02,6346002759,64339405@N02,d2eab89b02,6218,7,kettle bar,1,0,0
6320172083_23514992@N05_b6885e3573,6320172083,23514992@N05,b6885e3573,6057,7,HI,1,0,0
6125392439_53479721@N04_19af848cee,6125392439,53479721@N04,19af848cee,6074,7,full of stars,1,0,0
6078976248_11585284@N02_161e452bba,6078976248,11585284@N02,161e452bba,6192,7,Sand Point Pike,1,0,0
6038644036_58024054@N03_0f3f34039a,6038644036,58024054@N03,0f3f34039a,6137,7,This was about all we saw of Voyageurs,1,0,0
6038643046_58024054@N03_9575bc98a3,6038643046,58024054@N03,9575bc98a3,6124,7,We were having lighting problems,1,0,0
5986139005_48413253@N00_16f9935e27,5986139005,48413253@N00,16f9935e27,6023,7,Lake Kabetogama Walleye,1,0,0
5983166763_11585284@N02_a37c75ef96,5983166763,11585284@N02,a37c75ef96,6011,7,Lamprey Bite,1,0,0
5983729002_11585284@N02_6468036d94,5983729002,11585284@N02,6468036d94,6132,7,Crane Lake Pike,1,0,0
5916187902_56815560@N00_67870f52b2,5916187902,56815560@N00,67870f52b2,6137,7,Minnesota_Kabetogama_20110527_P5274601-2.jpg,1,0,0
5851292314_40939160@N04_0bb554fceb,5851292314,40939160@N04,0bb554fceb,2758,3,Dinner,1,0,0
5744068650_63227742@N08_31a91fb56a,5744068650,63227742@N08,31a91fb56a,5102,6,Lost Lake Bay,1,0,0
5518897212_60534645@N06_38ef921141,5518897212,60534645@N06,38ef921141,5212,6,"Namakan Lake sunset, Voyageurs National Park",1,0,0
5443409959_55314017@N02_17fdde2776,5443409959,55314017@N02,17fdde2776,4138,5,"Sandpoint Lake, MN",1,0,0
5444013068_55314017@N02_a1c3338888,5444013068,55314017@N02,a1c3338888,4153,5,"Sandpoint Lake, MN",1,0,0
5386020215_36417129@N08_4413bdebeb,5386020215,36417129@N08,4413bdebeb,5216,6,21 January 2011 - Day 21,1,0,0
5342200820_8432336@N08_426910c604,5342200820,8432336@N08,426910c604,5043,6,Oberholtzer,1,0,0
5329808732_8432336@N08_a5360e3ab7,5329808732,8432336@N08,a5360e3ab7,5126,6,Trees,1,0,0
5328997070_8432336@N08_a423d488e2,5328997070,8432336@N08,a423d488e2,5042,6,Snow,1,0,0
5327705181_8432336@N08_5d4d9d942d,5327705181,8432336@N08,5d4d9d942d,5166,6,Port of Call,1,0,0
5327472154_8432336@N08_a597411d73,5327472154,8432336@N08,a597411d73,5088,6,Just In Case,1,0,0
5327460168_8432336@N08_311661c459,5327460168,8432336@N08,311661c459,5082,6,Sunlight!!!,1,0,0
5327438520_8432336@N08_e1403e71dc,5327438520,8432336@N08,e1403e71dc,5010,6,Closed,1,0,0
5327430728_8432336@N08_7d1bb0329d,5327430728,8432336@N08,7d1bb0329d,5009,6,Decoration,1,0,0
5326155680_8432336@N08_ba035deef2,5326155680,8432336@N08,ba035deef2,5290,6,Smile!,1,0,0
5325040526_8432336@N08_f9fe62f286,5325040526,8432336@N08,f9fe62f286,5005,6,Sign,1,0,0
5324399147_8432336@N08_0d80df569e,5324399147,8432336@N08,0d80df569e,5207,6,Where The Heck's The Wall Drug Sticker?,1,0,0
5324399133_8432336@N08_420310d2e3,5324399133,8432336@N08,420310d2e3,5005,6,Solitude,1,0,0
5324399139_8432336@N08_586c364a61,5324399139,8432336@N08,586c364a61,5207,6,Oberholtzer Trail,1,0,0
5324399113_8432336@N08_455913f895,5324399113,8432336@N08,455913f895,5205,6,Needs a Bench Warmer,1,0,0
5321831736_8432336@N08_92973ca1cb,5321831736,8432336@N08,92973ca1cb,5285,6,Rainy Lake,1,0,0
5321281694_8432336@N08_c3688ff3c5,5321281694,8432336@N08,c3688ff3c5,5122,6,Another Experiment,1,0,0
5320247983_8432336@N08_277ffd755f,5320247983,8432336@N08,277ffd755f,5290,6,Ineffective,1,0,0
5320247991_8432336@N08_f268b9374c,5320247991,8432336@N08,f268b9374c,5289,6,Waterway,1,0,0
5320153525_8432336@N08_012917079e,5320153525,8432336@N08,012917079e,5163,6,Silence,1,0,0
5320153507_8432336@N08_2b0c8b6fe3,5320153507,8432336@N08,2b0c8b6fe3,5247,6,Tromp,1,0,0
5112831117_11585284@N02_32b5d848f8,5112831117,11585284@N02,32b5d848f8,1336,2,Crane Lake Moon,1,0,0
4924581960_15666478@N00_38a4fe8b15,4924581960,15666478@N00,38a4fe8b15,4096,5,saddle,1,0,0
4919932485_95657349@N00_4ce5d27d0e,4919932485,95657349@N00,4ce5d27d0e,4134,5,IMG_2358.JPG,1,0,0
4920530264_95657349@N00_6b87b363e5,4920530264,95657349@N00,6b87b363e5,4073,5,IMG_2357.JPG,1,0,0
4919931697_95657349@N00_bcf0465de2,4919931697,95657349@N00,bcf0465de2,4119,5,IMG_2356.JPG,1,0,0
4920529350_95657349@N00_b189af4c87,4920529350,95657349@N00,b189af4c87,4077,5,IMG_2355.JPG,1,0,0
4919930917_95657349@N00_9d0862271f,4919930917,95657349@N00,9d0862271f,4101,5,IMG_2354.JPG,1,0,0
4920528478_95657349@N00_40270fcceb,4920528478,95657349@N00,40270fcceb,4095,5,IMG_2353.JPG,1,0,0
4920528190_95657349@N00_7bb0cf69cf,4920528190,95657349@N00,7bb0cf69cf,4143,5,IMG_2352.JPG,1,0,0
4920527822_95657349@N00_7d00bc5905,4920527822,95657349@N00,7d00bc5905,4115,5,IMG_2351.JPG,1,0,0
4919929377_95657349@N00_0c5359997a,4919929377,95657349@N00,0c5359997a,4119,5,IMG_2350.JPG,1,0,0
4919928801_95657349@N00_69dce4ab2e,4919928801,95657349@N00,69dce4ab2e,4075,5,IMG_2349.JPG,1,0,0
4919928273_95657349@N00_28f91fab33,4919928273,95657349@N00,28f91fab33,4096,5,IMG_2348.JPG,1,0,0
4919927813_95657349@N00_45b5c9e0d3,4919927813,95657349@N00,45b5c9e0d3,4074,5,IMG_2347.JPG,1,0,0
4920525658_95657349@N00_1fcbb1550d,4920525658,95657349@N00,1fcbb1550d,4121,5,IMG_2346.JPG,1,0,0
4920525158_95657349@N00_46524940c4,4920525158,95657349@N00,46524940c4,4139,5,IMG_2345.JPG,1,0,0
4920524694_95657349@N00_e0dc1fb093,4920524694,95657349@N00,e0dc1fb093,4114,5,IMG_2344.JPG,1,0,0
4919926047_95657349@N00_7da7319596,4919926047,95657349@N00,7da7319596,4120,5,IMG_2341.JPG,1,0,0
4920523872_95657349@N00_2a3778ab1c,4920523872,95657349@N00,2a3778ab1c,4140,5,IMG_2342.JPG,1,0,0
4920523466_95657349@N00_6f10fdc960,4920523466,95657349@N00,6f10fdc960,4136,5,IMG_2343.JPG,1,0,0
4920523068_95657349@N00_af63cc4272,4920523068,95657349@N00,af63cc4272,4141,5,IMG_2340.JPG,1,0,0
4920522768_95657349@N00_bf570d7a53,4920522768,95657349@N00,bf570d7a53,4137,5,IMG_2339.JPG,1,0,0
4919923993_95657349@N00_0a0cb13a87,4919923993,95657349@N00,0a0cb13a87,4082,5,IMG_2338.JPG,1,0,0
4919923491_95657349@N00_f6da798e5e,4919923491,95657349@N00,f6da798e5e,4077,5,IMG_2337.JPG,1,0,0
4920521534_95657349@N00_ee9af68475,4920521534,95657349@N00,ee9af68475,4123,5,IMG_2332.JPG,1,0,0
4920521062_95657349@N00_789f4237f7,4920521062,95657349@N00,789f4237f7,4116,5,IMG_2331.JPG,1,0,0
4919922335_95657349@N00_418e166042,4919922335,95657349@N00,418e166042,4101,5,IMG_2330.JPG,1,0,0
4920520310_95657349@N00_ea86590cd7,4920520310,95657349@N00,ea86590cd7,4077,5,IMG_2329.JPG,1,0,0
4920519878_95657349@N00_07363f7b4f,4920519878,95657349@N00,07363f7b4f,4095,5,IMG_2328.JPG,1,0,0
4920519580_95657349@N00_f50e3cb8fd,4920519580,95657349@N00,f50e3cb8fd,4116,5,IMG_2327.JPG,1,0,0
4919920897_95657349@N00_6be90a168c,4919920897,95657349@N00,6be90a168c,4141,5,IMG_2326.JPG,1,0,0
4920518768_95657349@N00_7b0cbfc26a,4920518768,95657349@N00,7b0cbfc26a,4097,5,IMG_2325.JPG,1,0,0
4920518256_95657349@N00_18c16f57bb,4920518256,95657349@N00,18c16f57bb,4102,5,IMG_2324.JPG,1,0,0
4920517544_95657349@N00_debe5b8935,4920517544,95657349@N00,debe5b8935,4123,5,IMG_2323.JPG,1,0,0
4920517234_95657349@N00_cc3863f582,4920517234,95657349@N00,cc3863f582,4136,5,IMG_2322.JPG,1,0,0
4920516606_95657349@N00_27661e5597,4920516606,95657349@N00,27661e5597,4140,5,IMG_2321.JPG,1,0,0
4919917745_95657349@N00_ba45cc2a90,4919917745,95657349@N00,ba45cc2a90,4074,5,IMG_2320.JPG,1,0,0
4919917193_95657349@N00_c4cdc8005a,4919917193,95657349@N00,c4cdc8005a,4123,5,IMG_2319.JPG,1,0,0
4919916797_95657349@N00_8919903394,4919916797,95657349@N00,8919903394,4079,5,IMG_2318.JPG,1,0,0
4920514762_95657349@N00_63f50c2ae3,4920514762,95657349@N00,63f50c2ae3,4080,5,IMG_2317.JPG,1,0,0
4919915989_95657349@N00_fec263e8fb,4919915989,95657349@N00,fec263e8fb,4098,5,IMG_2316.JPG,1,0,0
4919915537_95657349@N00_ca0a711942,4919915537,95657349@N00,ca0a711942,4099,5,IMG_2315.JPG,1,0,0
4920513620_95657349@N00_da99fa9e80,4920513620,95657349@N00,da99fa9e80,4120,5,IMG_2314.JPG,1,0,0
4920513102_95657349@N00_6f90686657,4920513102,95657349@N00,6f90686657,4117,5,IMG_2313.JPG,1,0,0
4920512480_95657349@N00_f0acfa7f3b,4920512480,95657349@N00,f0acfa7f3b,4140,5,IMG_2312.JPG,1,0,0
4919912331_95657349@N00_2177109daa,4919912331,95657349@N00,2177109daa,4142,5,IMG_2308.JPG,1,0,0
4919911883_95657349@N00_57ba5eb26c,4919911883,95657349@N00,57ba5eb26c,4138,5,IMG_2307.JPG,1,0,0
4919911385_95657349@N00_7c909475f5,4919911385,95657349@N00,7c909475f5,4098,5,IMG_2306.JPG,1,0,0
4920509400_95657349@N00_460907a5b8,4920509400,95657349@N00,460907a5b8,4137,5,IMG_2305.JPG,1,0,0
4920509070_95657349@N00_7f099bfe38,4920509070,95657349@N00,7f099bfe38,4123,5,IMG_2304.JPG,1,0,0
4919910179_95657349@N00_0cc3381cd1,4919910179,95657349@N00,0cc3381cd1,4074,5,IMG_2303.JPG,1,0,0
4920508144_95657349@N00_30ca0fbc65,4920508144,95657349@N00,30ca0fbc65,4079,5,IMG_2302.JPG,1,0,0
4920507714_95657349@N00_5a96281a8e,4920507714,95657349@N00,5a96281a8e,4118,5,IMG_2301.JPG,1,0,0
4788082114_91405755@N00_d94f207f00,4788082114,91405755@N00,d94f207f00,4143,5,Sha Sha,1,0,0
4788081374_91405755@N00_bc1aed786e,4788081374,91405755@N00,bc1aed786e,4138,5,Super Chippy!,1,0,0
4780544736_91405755@N00_dfdd716306,4780544736,91405755@N00,dfdd716306,4075,5,Cheeky Monkey :),1,0,0
4778805002_91405755@N00_7b4eb446a3,4778805002,91405755@N00,7b4eb446a3,4082,5,Fish ride,1,0,0
4358455980_44872167@N08_d5e0dfc01b,4358455980,44872167@N08,d5e0dfc01b,4026,5,Eric at Mine Hoist,1,0,0
4357709245_44872167@N08_214e698d6d,4357709245,44872167@N08,214e698d6d,4021,5,Little American Island,1,0,0
3815079494_32396240@N08_6518c65912,3815079494,32396240@N08,6518c65912,3429,4,"July 14, 2009 Black Bay from Rainy Lake Visitor's Center",1,0,0
3712456535_22084807@N06_80bf27e904,3712456535,22084807@N06,80bf27e904,2487,3,sneaking away,1,0,0
3524788425_11585284@N02_de51e5d883,3524788425,11585284@N02,de51e5d883,3147,4,Crane Lake Largemouth,1,0,0
3048949518_31159489@N06_692bd92fd4,3048949518,31159489@N06,692bd92fd4,3174,4,wolf tracks on trail to stands.jpg,1,0,0
3019520627_31159489@N06_27fa119d4f,3019520627,31159489@N06,27fa119d4f,3195,4,Stand creatures,1,0,0
2538422299_7682623@N02_fea45d696e,2538422299,7682623@N02,fea45d696e,2072,3,Birch Leaves,1,0,0
1199274690_81839339@N00_c21a29982a,1199274690,81839339@N00,c21a29982a,1415,2,Designer Swim Wear,1,0,0
269770622_57553536@N00_921ae544e1,269770622,57553536@N00,921ae544e1,104,1,Birches,1,0,0
67352059_12166438@N00_41394aed7a,67352059,12166438@N00,41394aed7a,24,1,Oberholtzer Trail,1,0,0
52852903_12166438@N00_2c82840a75,52852903,12166438@N00,2c82840a75,31,1,VNP foliage,1,0,0
52852902_12166438@N00_bf5d19355c,52852902,12166438@N00,bf5d19355c,27,1,Rainy Lake,1,0,0
52852901_12166438@N00_e55eb1c108,52852901,12166438@N00,e55eb1c108,27,1,VNP Trail,1,0,0
3014908209_31159489@N06_f13a8f440d,3014908209,31159489@N06,f13a8f440d,3202,4,Image005.jpg,1,0,0
3014908051_31159489@N06_4cc9046769,3014908051,31159489@N06,4cc9046769,3215,4,Skunked,1,0,0
3014907843_31159489@N06_e4e4398639,3014907843,31159489@N06,e4e4398639,3207,4,Skunked,1,0,0
3011223360_31159489@N06_0cb03569ca,3011223360,31159489@N06,0cb03569ca,3043,4,Image003.jpg,1,0,0
3010386607_31159489@N06_b7c3449098,3010386607,31159489@N06,b7c3449098,3069,4,Image000.jpg,1,0,0
2915501125_31159489@N06_5a9205950c,2915501125,31159489@N06,5a9205950c,3122,4,Brian and Gray Jays,1,0,0
2915500857_31159489@N06_3743d2d8eb,2915500857,31159489@N06,3743d2d8eb,3070,4,Brian and Gray Jays,1,0,0
2915500519_31159489@N06_b9b04405b6,2915500519,31159489@N06,b9b04405b6,3284,4,Brian and Gray Jays,1,0,0
2677632068_86877190@N00_d853ecb7c5,2677632068,86877190@N00,d853ecb7c5,3162,4,Lake Kabetogama,1,0,0
2541905085_7682623@N02_933069b9d8,2541905085,7682623@N02,933069b9d8,2058,3,Yellow Flowers Along Viaduct,1,0,0
2541903439_7682623@N02_faa9d50979,2541903439,7682623@N02,faa9d50979,2117,3,Yellow Quartet,1,0,0
2542727874_7682623@N02_f88e25c036,2542727874,7682623@N02,f88e25c036,2044,3,Yellow Quintet,1,0,0
2541900739_7682623@N02_585422c1fd,2541900739,7682623@N02,585422c1fd,2058,3,Sky Reflected in Marsh,1,0,0
2542724292_7682623@N02_4303781704,2542724292,7682623@N02,4303781704,3106,4,Downed Birch,1,0,0
2541896645_7682623@N02_ae254169a7,2541896645,7682623@N02,ae254169a7,2039,3,Mushrooms on Log,1,0,0
2539247376_7682623@N02_2759264107,2539247376,7682623@N02,2759264107,3208,4,Pine Stars and New Leaves,1,0,0
2538425355_7682623@N02_88fb20755c,2538425355,7682623@N02,88fb20755c,2080,3,New Undergrowth in the Forest,1,0,0
2539245232_7682623@N02_cbac7216a1,2539245232,7682623@N02,cbac7216a1,3091,4,Spiraling Upward,1,0,0
2539244168_7682623@N02_1e990015f9,2539244168,7682623@N02,1e990015f9,2074,3,New Leaf of Green,1,0,0
2405641811_11585284@N02_f44f720040,2405641811,11585284@N02,f44f720040,2341,3,Crane Lake Sunrise,1,0,0
2406456488_11585284@N02_89500a5952,2406456488,11585284@N02,89500a5952,3160,4,Crane Lake,1,0,0
2402022519_11585284@N02_cb937f4743,2402022519,11585284@N02,cb937f4743,2363,3,"Sunset on Crane Lake, MN",1,0,0
2400113138_11585284@N02_f08b3fcce9,2400113138,11585284@N02,f08b3fcce9,3124,4,Dock Spider,1,0,0
2400088362_11585284@N02_1591b7155b,2400088362,11585284@N02,1591b7155b,3019,4,Dock Spider,1,0,0
2138961633_89248183@N00_f1b44ac342,2138961633,89248183@N00,f1b44ac342,2054,3,"Danger, thin Ice!",1,0,0
1228696984_52018997@N00_7c3049351c,1228696984,52018997@N00,7c3049351c,1155,2,"129/365: August 19, 2007",1,0,0
1227834877_52018997@N00_a700d2b41c,1227834877,52018997@N00,a700d2b41c,1124,2,Geocaching in Kabetogama,1,0,0
1208014977_81839339@N00_ec26087cf1,1208014977,81839339@N00,ec26087cf1,1034,2,Rooted,1,0,0
1208774346_81839339@N00_93ebc6ee1c,1208774346,81839339@N00,93ebc6ee1c,1313,2,What's in That Stump?,1,0,0
1207914987_81839339@N00_fde04fd323,1207914987,81839339@N00,fde04fd323,1243,2,"Damien, ready to head for home",1,0,0
1208773920_81839339@N00_d7f8204f2d,1208773920,81839339@N00,d7f8204f2d,1353,2,Final Breakfast on the Trail,1,0,0
1208773674_81839339@N00_ed3030e567,1208773674,81839339@N00,ed3030e567,1390,2,Looking down to the lake,1,0,0
1208773098_81839339@N00_5aec093867,1208773098,81839339@N00,5aec093867,1256,2,Reflections,1,0,0
1208772788_81839339@N00_6d6bbec67c,1208772788,81839339@N00,6d6bbec67c,1370,2,Circle of Waves,1,0,0
1207913571_81839339@N00_de48f029e6,1207913571,81839339@N00,de48f029e6,1100,2,Playing with the Waves,1,0,0
1207913345_81839339@N00_109ac0b077,1207913345,81839339@N00,109ac0b077,1154,2,Playing with the Waves,1,0,0
1198412865_81839339@N00_642033e3e5,1198412865,81839339@N00,642033e3e5,1402,2,Caroline,1,0,0
1199278804_81839339@N00_ebf6a51af3,1199278804,81839339@N00,ebf6a51af3,1155,2,Dog Tracks,1,0,0
1198412375_81839339@N00_809166cbf3,1198412375,81839339@N00,809166cbf3,1344,2,Looking Down on the Lake,1,0,0
1198412093_81839339@N00_0ca2f2b2cc,1198412093,81839339@N00,0ca2f2b2cc,1317,2,An Old Lava Flow,1,0,0
1199277892_81839339@N00_4088056cbb,1199277892,81839339@N00,4088056cbb,1072,2,Sky Reflected,1,0,0
1198411339_81839339@N00_0ba10691b2,1198411339,81839339@N00,0ba10691b2,1003,2,Entering,1,0,0
1199277120_81839339@N00_fbb2897049,1199277120,81839339@N00,fbb2897049,1411,2,Shoreline,1,0,0
1198410585_81839339@N00_8f028dd8e6,1198410585,81839339@N00,8f028dd8e6,1193,2,Designer Swim Wear,1,0,0
1199276398_81839339@N00_fc6a2b2820,1199276398,81839339@N00,fc6a2b2820,1013,2,Swimmers in the Water,1,0,0
1199276072_81839339@N00_d614039655,1199276072,81839339@N00,d614039655,1388,2,Shoreline,1,0,0
1198409559_81839339@N00_2db9fc7fc6,1198409559,81839339@N00,2db9fc7fc6,1401,2,Path to the Beach,1,0,0
1199275396_81839339@N00_15f5d026e0,1199275396,81839339@N00,15f5d026e0,1134,2,Souvenirs,1,0,0
1199275040_81839339@N00_b9e5f357e8,1199275040,81839339@N00,b9e5f357e8,1245,2,Designer Swim Wear,1,0,0
1198408139_81839339@N00_d5371e790d,1198408139,81839339@N00,d5371e790d,1321,2,Designer Swim Wear,1,0,0
1183894502_81839339@N00_bc00987812,1183894502,81839339@N00,bc00987812,1051,2,A Tree in the Path,1,0,0
1183035083_81839339@N00_27003fa59c,1183035083,81839339@N00,27003fa59c,1373,2,Rope,1,0,0
1183034889_81839339@N00_8e94629100,1183034889,81839339@N00,8e94629100,1375,2,Natalie -- AKA Castor TÃªtu,1,0,0
1183034649_81839339@N00_b7d1954011,1183034649,81839339@N00,b7d1954011,1211,2,Lumiere,1,0,0
1183033977_81839339@N00_90705a5a8a,1183033977,81839339@N00,90705a5a8a,1281,2,In Much Better Spirits After the Nap,1,0,0
1183892936_81839339@N00_3e54419337,1183892936,81839339@N00,3e54419337,1094,2,Ludvig -- caught in the act?,1,0,0
1183892818_81839339@N00_d3994fe647,1183892818,81839339@N00,d3994fe647,1127,2,Lichen,1,0,0
1183892616_81839339@N00_7e62d584e1,1183892616,81839339@N00,7e62d584e1,1165,2,Fleur and Ludvig,1,0,0
1183892422_81839339@N00_de217b49ac,1183892422,81839339@N00,de217b49ac,1369,2,Fleur,1,0,0
1183892250_81839339@N00_35efe4f4fb,1183892250,81839339@N00,35efe4f4fb,1381,2,The Good Dock,1,0,0
1183032721_81839339@N00_d5a053d6ea,1183032721,81839339@N00,d5a053d6ea,1290,2,The Good Dock,1,0,0
1183891806_81839339@N00_d82c78a43b,1183891806,81839339@N00,d82c78a43b,1301,2,"Tilted a bit to the right, she did",1,0,0
1183032253_81839339@N00_c84390691f,1183032253,81839339@N00,c84390691f,1007,2,Looking Over Crane Lake,1,0,0
1183032105_81839339@N00_25a87a2f10,1183032105,81839339@N00,25a87a2f10,1367,2,Down the Path,1,0,0
1183031849_81839339@N00_7a02667a91,1183031849,81839339@N00,7a02667a91,1432,2,Is this the pot we need?,1,0,0
1159937939_81839339@N00_7d4901c05f,1159937939,81839339@N00,7d4901c05f,1013,2,Preparing Lunch After the Paddle,1,0,0
1160793946_81839339@N00_9d0a74e826,1160793946,81839339@N00,9d0a74e826,1116,2,Fleur,1,0,0
1160793604_81839339@N00_a5ecff6442,1160793604,81839339@N00,a5ecff6442,1288,2,It Must Be Something with Les Voyageurs...,1,0,0
1159936971_81839339@N00_787d0169ec,1159936971,81839339@N00,787d0169ec,1434,2,Crapped Out,1,0,0
547822165_30275323@N00_acf70b4701,547822165,30275323@N00,acf70b4701,1313,2,Beware the Namakan Perch,1,0,0
417168092_89248183@N00_4bd12f816e,417168092,89248183@N00,4bd12f816e,168,1,Garet and Skippy,1,0,0
417046059_89248183@N00_22d984cb89,417046059,89248183@N00,22d984cb89,126,1,Skippy on the dock,1,0,0
269771054_57553536@N00_9bbffc2499,269771054,57553536@N00,9bbffc2499,92,1,Lake stop,1,0,0
269770904_57553536@N00_a0440d21a1,269770904,57553536@N00,a0440d21a1,101,1,Lake stop,1,0,0
269770762_57553536@N00_dd611c97e7,269770762,57553536@N00,dd611c97e7,97,1,"Lake stop, silhouette",1,0,0
269770327_57553536@N00_53a5b300b5,269770327,57553536@N00,53a5b300b5,107,1,Laleh,1,0,0
269770266_57553536@N00_de4b6bac42,269770266,57553536@N00,de4b6bac42,112,1,Boat scrabble game,1,0,0
269770131_57553536@N00_e58271fe4b,269770131,57553536@N00,e58271fe4b,106,1,On the boat,1,0,0
269770016_57553536@N00_4f02b50aba,269770016,57553536@N00,4f02b50aba,107,1,Blaine and George,1,0,0
269769902_57553536@N00_c93799518d,269769902,57553536@N00,c93799518d,87,1,Morning yoga,1,0,0
269769788_57553536@N00_e9a185fc4e,269769788,57553536@N00,e9a185fc4e,118,1,Crane Lake from Voyageurs National Park,1,0,0
269769660_57553536@N00_0e8695bff0,269769660,57553536@N00,0e8695bff0,104,1,Crane Lake from Voyageurs National Park,1,0,0
269769570_57553536@N00_4fe2636698,269769570,57553536@N00,4fe2636698,84,1,Team 1334/5129,1,0,0
269769461_57553536@N00_a14fe1a361,269769461,57553536@N00,a14fe1a361,89,1,Brent and Blaine,1,0,0
269769384_57553536@N00_a9724b9417,269769384,57553536@N00,a9724b9417,80,1,Blaine and Laleh,1,0,0
269769289_57553536@N00_4feae0c9b9,269769289,57553536@N00,4feae0c9b9,111,1,"Brent, quite fearless",1,0,0
269769202_57553536@N00_f4cb3cf112,269769202,57553536@N00,f4cb3cf112,117,1,As close as a dog can get to fishing,1,0,0
269769091_57553536@N00_ad88bc4336,269769091,57553536@N00,ad88bc4336,80,1,Laleh and George piloting the boat,1,0,0
269768938_57553536@N00_e8ff184ad9,269768938,57553536@N00,e8ff184ad9,92,1,Brent points things out to George,1,0,0
269768770_57553536@N00_0f2622014d,269768770,57553536@N00,0f2622014d,94,1,Beaver dam picnic,1,0,0
269768607_57553536@N00_20bc6c93de,269768607,57553536@N00,20bc6c93de,106,1,Beaver dam picnic,1,0,0
269768434_57553536@N00_e410b2a53e,269768434,57553536@N00,e410b2a53e,80,1,The gorge,1,0,0
269768264_57553536@N00_734087ae60,269768264,57553536@N00,734087ae60,112,1,Leaves,1,0,0
269768159_57553536@N00_361f200374,269768159,57553536@N00,361f200374,96,1,Leaves,1,0,0
269768019_57553536@N00_46f07bf0cd,269768019,57553536@N00,46f07bf0cd,108,1,Brent's leap for life,1,0,0
269767857_57553536@N00_5d74eaff57,269767857,57553536@N00,5d74eaff57,93,1,The gorge,1,0,0
269767729_57553536@N00_a15f671ec8,269767729,57553536@N00,a15f671ec8,109,1,The gorge,1,0,0
269767653_57553536@N00_6238dd3c29,269767653,57553536@N00,6238dd3c29,81,1,The gorge,1,0,0
269767494_57553536@N00_d1452e5cdb,269767494,57553536@N00,d1452e5cdb,114,1,The gorge,1,0,0
269767326_57553536@N00_7236fe34a1,269767326,57553536@N00,7236fe34a1,87,1,The gorge,1,0,0
269767087_57553536@N00_5b9b4fc237,269767087,57553536@N00,5b9b4fc237,105,1,The gorge,1,0,0
269766888_57553536@N00_cdb73c9c5f,269766888,57553536@N00,cdb73c9c5f,95,1,The dock at the cabin,1,0,0
269766777_57553536@N00_bc82899ae9,269766777,57553536@N00,bc82899ae9,94,1,From inside the cabin,1,0,0
269766656_57553536@N00_192320606b,269766656,57553536@N00,192320606b,112,1,Inside the cabin,1,0,0
269766592_57553536@N00_7a439b6860,269766592,57553536@N00,7a439b6860,79,1,The cabin,1,0,0
269766507_57553536@N00_6846c21a74,269766507,57553536@N00,6846c21a74,104,1,The cabin,1,0,0
269766409_57553536@N00_066e94308e,269766409,57553536@N00,066e94308e,108,1,Cabin dock,1,0,0
269766323_57553536@N00_babfbaefd3,269766323,57553536@N00,babfbaefd3,104,1,On Crane Lake,1,0,0
269766226_57553536@N00_ffecf864ac,269766226,57553536@N00,ffecf864ac,92,1,On Crane Lake,1,0,0
269766151_57553536@N00_1e3d101af7,269766151,57553536@N00,1e3d101af7,88,1,On Crane Lake,1,0,0
269766072_57553536@N00_c13f8c6da4,269766072,57553536@N00,c13f8c6da4,80,1,The cabin,1,0,0
269765909_57553536@N00_ae87faa489,269765909,57553536@N00,ae87faa489,106,1,"""All this is ours""",1,0,0
269765832_57553536@N00_9d1aeeed13,269765832,57553536@N00,9d1aeeed13,121,1,Brent and Laleh and George by the fire,1,0,0
260842795_33851236@N00_5bb13fce2b,260842795,33851236@N00,5bb13fce2b,115,1,"Brown's Bay View campsite, Voyageurs NP",1,0,0
67353582_12166438@N00_8a4433b5a7,67353582,12166438@N00,8a4433b5a7,30,1,Oberholtzer Trail,1,0,0
